"highest_year","highest_value"
"1997","5.46162343331999"
"1970","2.3960180824809"
